[
  {
   "id": 1,
   "nombre": "Loren Ipsum 1",
   "apellido": "Loren Ipsum 11",
   "tipo_doc": "cc",
   "numero_dni": 1083195265
  },
  {
   "id": 2,
   "nombre": "Loren Ipsum 2",
   "apellido": "Loren Ipsum 12",
   "tipo_doc": "cc",
   "numero_dni": 1083195266
  },
  {
   "id": 3,
   "nombre": "Loren Ipsum 3",
   "apellido": "Loren Ipsum 13",
   "tipo_doc": "cc",
   "numero_dni": 1083195267
  },
  {
   "id": 4,
   "nombre": "Loren Ipsum 4",
   "apellido": "Loren Ipsum 14",
   "tipo_doc": "cc",
   "numero_dni": 1083195268
  },
  {
   "id": 5,
   "nombre": "Loren Ipsum 5",
   "apellido": "Loren Ipsum 15",
   "tipo_doc": "cc",
   "numero_dni": 1083195269
  },
  {
   "id": 6,
   "nombre": "Loren Ipsum 6",
   "apellido": "Loren Ipsum 16",
   "tipo_doc": "cc",
   "numero_dni": 1083195270
  },
  {
   "id": 7,
   "nombre": "Loren Ipsum 7",
   "apellido": "Loren Ipsum 17",
   "tipo_doc": "cc",
   "numero_dni": 1083195271
  },
  {
   "id": 8,
   "nombre": "Loren Ipsum 8",
   "apellido": "Loren Ipsum 18",
   "tipo_doc": "cc",
   "numero_dni": 1083195272
  },
  {
   "id": 9,
   "nombre": "Loren Ipsum 9",
   "apellido": "Loren Ipsum 19",
   "tipo_doc": "cc",
   "numero_dni": 1083195273
  },
  {
   "id": 10,
   "nombre": "Loren Ipsum 10",
   "apellido": "Loren Ipsum 20",
   "tipo_doc": "cc",
   "numero_dni": 1083195274
  },
  {
   "id": 11,
   "nombre": "Loren Ipsum 11",
   "apellido": "Loren Ipsum 21",
   "tipo_doc": "cc",
   "numero_dni": 1083195275
  },
  {
   "id": 12,
   "nombre": "Loren Ipsum 12",
   "apellido": "Loren Ipsum 22",
   "tipo_doc": "cc",
   "numero_dni": 1083195276
  },
  {
   "id": 13,
   "nombre": "Loren Ipsum 13",
   "apellido": "Loren Ipsum 23",
   "tipo_doc": "cc",
   "numero_dni": 1083195277
  },
  {
   "id": 14,
   "nombre": "Loren Ipsum 14",
   "apellido": "Loren Ipsum 24",
   "tipo_doc": "cc",
   "numero_dni": 1083195278
  },
  {
   "id": 15,
   "nombre": "Loren Ipsum 15",
   "apellido": "Loren Ipsum 25",
   "tipo_doc": "cc",
   "numero_dni": 1083195279
  },
  {
   "id": 16,
   "nombre": "Loren Ipsum 16",
   "apellido": "Loren Ipsum 26",
   "tipo_doc": "cc",
   "numero_dni": 1083195280
  },
  {
   "id": 17,
   "nombre": "Loren Ipsum 17",
   "apellido": "Loren Ipsum 27",
   "tipo_doc": "cc",
   "numero_dni": 1083195281
  },
  {
   "id": 18,
   "nombre": "Loren Ipsum 18",
   "apellido": "Loren Ipsum 28",
   "tipo_doc": "cc",
   "numero_dni": 1083195282
  },
  {
   "id": 19,
   "nombre": "Loren Ipsum 19",
   "apellido": "Loren Ipsum 29",
   "tipo_doc": "cc",
   "numero_dni": 1083195283
  },
  {
   "id": 20,
   "nombre": "Loren Ipsum 20",
   "apellido": "Loren Ipsum 30",
   "tipo_doc": "cc",
   "numero_dni": 1083195284
  },
  {
   "id": 21,
   "nombre": "Loren Ipsum 21",
   "apellido": "Loren Ipsum 31",
   "tipo_doc": "cc",
   "numero_dni": 1083195285
  },
  {
   "id": 22,
   "nombre": "Loren Ipsum 22",
   "apellido": "Loren Ipsum 32",
   "tipo_doc": "cc",
   "numero_dni": 1083195286
  },
  {
   "id": 23,
   "nombre": "Loren Ipsum 23",
   "apellido": "Loren Ipsum 33",
   "tipo_doc": "cc",
   "numero_dni": 1083195287
  },
  {
   "id": 24,
   "nombre": "Loren Ipsum 24",
   "apellido": "Loren Ipsum 34",
   "tipo_doc": "cc",
   "numero_dni": 1083195288
  },
  {
   "id": 25,
   "nombre": "Loren Ipsum 25",
   "apellido": "Loren Ipsum 35",
   "tipo_doc": "cc",
   "numero_dni": 1083195289
  },
  {
   "id": 26,
   "nombre": "Loren Ipsum 26",
   "apellido": "Loren Ipsum 36",
   "tipo_doc": "cc",
   "numero_dni": 1083195290
  },
  {
   "id": 27,
   "nombre": "Loren Ipsum 27",
   "apellido": "Loren Ipsum 37",
   "tipo_doc": "cc",
   "numero_dni": 1083195291
  },
  {
   "id": 28,
   "nombre": "Loren Ipsum 28",
   "apellido": "Loren Ipsum 38",
   "tipo_doc": "cc",
   "numero_dni": 1083195292
  },
  {
   "id": 29,
   "nombre": "Loren Ipsum 29",
   "apellido": "Loren Ipsum 39",
   "tipo_doc": "cc",
   "numero_dni": 1083195293
  },
  {
   "id": 30,
   "nombre": "Loren Ipsum 30",
   "apellido": "Loren Ipsum 40",
   "tipo_doc": "cc",
   "numero_dni": 1083195294
  }
 ]
